U,std_U,I,std_I
0.0064516129032258064,0.0,0.0,0.0
0.012903225806451613,0.0,0.0,0.0
0.00967741935483871,0.0,1.466275659824047e-05,0.0
0.00967741935483871,0.0,1.466275659824047e-05,0.0
0.01935483870967742,0.0,0.0,0.0
0.0,0.0,0.0,0.0
0.02258064516129032,0.0,0.0,0.0
0.02258064516129032,0.0,1.466275659824047e-05,0.0
0.025806451612903226,0.0,1.466275659824047e-05,0.0
0.035483870967741936,0.0,0.0,0.0
0.035483870967741936,0.0,0.0,0.0
0.035483870967741936,0.0,0.0,0.0
0.03870967741935484,0.0,1.466275659824047e-05,0.0
0.04838709677419355,0.0,0.0,0.0
0.04838709677419355,0.0,0.0,0.0
0.04838709677419355,0.0,0.0,0.0
0.054838709677419356,0.0,0.0,0.0
0.03870967741935484,0.0,0.00010263929618768328,0.0
0.06451612903225806,0.0,0.0,0.0
0.06451612903225806,0.0,0.0,0.0
0.06451612903225806,0.0,0.0,0.0
0.07096774193548387,0.0,0.0,0.0
0.058064516129032254,0.0,7.331378299120235e-05,0.0
0.07419354838709677,0.0,0.0,0.0
0.08064516129032258,0.0,0.0,0.0
0.08387096774193549,0.0,0.0,0.0
0.11612903225806452,0.0,1.466275659824047e-05,0.0
0.09032258064516129,0.0,0.0,0.0
0.08709677419354839,0.0,4.398826979472141e-05,0.0
0.05806451612903227,0.0,4.398826979472141e-05,0.0
0.0935483870967742,0.0,1.466275659824047e-05,0.0
0.1032258064516129,0.0,0.0,0.0
0.1064516129032258,0.0,0.0,0.0
0.11612903225806452,0.0,0.0,0.0
0.11290322580645161,0.0,0.0,0.0
0.11935483870967742,0.0,0.0,0.0
0.11290322580645162,0.0,1.466275659824047e-05,0.0
0.12580645161290321,0.0,0.0,0.0
0.08387096774193549,0.0,0.0,0.0
0.11612903225806452,0.0,7.331378299120235e-05,0.0
0.11290322580645161,0.0,2.932551319648094e-05,0.0
0.12903225806451615,0.0,2.932551319648094e-05,0.0
0.13870967741935483,0.0,0.0,0.0
0.11612903225806452,0.0,1.466275659824047e-05,0.0
0.14193548387096774,0.0,0.0,0.0
0.14838709677419354,0.0,0.0,0.0
0.14516129032258063,0.0,1.466275659824047e-05,0.0
0.15483870967741936,0.0,0.0,0.0
0.15483870967741936,0.0,0.0,0.0
0.16129032258064516,0.0,0.0,0.0
0.13548387096774195,0.0,0.0,0.0
0.16451612903225807,0.0,1.466275659824047e-05,0.0
0.1774193548387097,0.0,0.0,0.0
0.17419354838709677,0.0,1.466275659824047e-05,0.0
0.1774193548387097,0.0,0.0,0.0
0.18064516129032257,0.0,0.0,0.0
0.17419354838709677,0.0,1.466275659824047e-05,0.0
0.1870967741935484,0.0,0.0,0.0
0.16774193548387095,0.0,1.466275659824047e-05,0.0
0.1935483870967742,0.0,0.0,0.0
0.1838709677419355,0.0,7.331378299120235e-05,0.0
0.1967741935483871,0.0,0.0,0.0
0.2064516129032258,0.0,0.0,0.0
0.2032258064516129,0.0,0.0,0.0
0.2161290322580645,0.0,0.0,0.0
0.2161290322580645,0.0,1.466275659824047e-05,0.0
0.15806451612903227,0.0,0.0002785923753665689,0.0
0.22258064516129034,0.0,0.0,0.0
0.2225806451612903,0.0,1.466275659824047e-05,0.0
0.22580645161290322,0.0,0.0,0.0
0.22903225806451613,0.0,1.466275659824047e-05,0.0
0.23548387096774193,0.0,0.0,0.0
0.23870967741935484,0.0,1.466275659824047e-05,0.0
0.23225806451612901,0.0,1.466275659824047e-05,0.0
0.23870967741935484,0.0,1.466275659824047e-05,0.0
0.24193548387096775,0.0,0.0,0.0
0.2709677419354839,0.0,0.0,0.0
0.25161290322580643,0.0,0.0,0.0
0.25483870967741934,0.0,0.0,0.0
0.26129032258064516,0.0,0.0,0.0
0.25806451612903225,0.0,1.466275659824047e-05,0.0
0.2645161290322581,0.0,1.466275659824047e-05,0.0
0.2645161290322581,0.0,1.466275659824047e-05,0.0
0.27419354838709675,0.0,0.0,0.0
0.25806451612903225,0.0,2.932551319648094e-05,0.0
0.25161290322580643,0.0,0.0,0.0
0.2870967741935484,0.0,0.0,0.0
0.27741935483870966,0.0,1.466275659824047e-05,0.0
0.27419354838709675,0.0,1.466275659824047e-05,0.0
0.2903225806451613,0.0,0.0,0.0
0.29354838709677417,0.0,1.466275659824047e-05,0.0
0.29354838709677417,0.0,0.0,0.0
0.3,0.0,0.0,0.0
0.3064516129032258,0.0,0.0,0.0
0.3064516129032258,0.0,0.0,0.0
0.31290322580645163,0.0,0.0,0.0
0.31290322580645163,0.0,0.0,0.0
0.3129032258064516,0.0,1.466275659824047e-05,0.0
0.3193548387096774,0.0,0.0,0.0
0.3193548387096774,0.0,0.0,0.0
0.2806451612903226,0.0,0.00020527859237536657,0.0
0.32903225806451614,0.0,0.0,0.0
0.3258064516129032,0.0,2.932551319648094e-05,0.0
0.32903225806451614,0.0,1.466275659824047e-05,0.0
0.2806451612903226,0.0,0.00026392961876832845,0.0
0.3419354838709677,0.0,0.0,0.0
0.34838709677419355,0.0,0.0,0.0
0.34838709677419355,0.0,0.0,0.0
0.34838709677419355,0.0,0.0,0.0
0.3580645161290323,0.0,0.0,0.0
0.35806451612903223,0.0,1.466275659824047e-05,0.0
0.36129032258064514,0.0,0.0,0.0
0.36129032258064514,0.0,2.932551319648094e-05,0.0
0.35161290322580646,0.0,7.331378299120235e-05,0.0
0.36774193548387096,0.0,0.0,0.0
0.3741935483870968,0.0,1.466275659824047e-05,0.0
0.3774193548387097,0.0,0.0,0.0
0.36129032258064514,0.0,0.00010263929618768328,0.0
0.3870967741935484,0.0,0.0,0.0
0.38387096774193546,0.0,0.0,0.0
0.34838709677419355,0.0,0.0,0.0
0.3967741935483871,0.0,0.0,0.0
0.3967741935483871,0.0,1.466275659824047e-05,0.0
0.4,0.0,0.0,0.0
0.4032258064516129,0.0,0.0,0.0
0.4096774193548387,0.0,1.466275659824047e-05,0.0
0.4129032258064516,0.0,0.0,0.0
0.4129032258064516,0.0,1.466275659824047e-05,0.0
0.41935483870967744,0.0,0.0,0.0
0.3967741935483871,0.0,1.466275659824047e-05,0.0
0.42258064516129035,0.0,0.0,0.0
0.38387096774193546,0.0,1.466275659824047e-05,0.0
0.4290322580645161,0.0,0.0,0.0
0.4290322580645161,0.0,0.0,0.0
0.432258064516129,0.0,0.0,0.0
0.44193548387096776,0.0,0.0,0.0
0.43870967741935485,0.0,0.0,0.0
0.43870967741935485,0.0,2.932551319648094e-05,0.0
0.4096774193548387,0.0,0.0,0.0
0.47096774193548385,0.0,0.0,0.0
0.45483870967741935,0.0,0.0,0.0
0.45483870967741935,0.0,0.0,0.0
0.4645161290322581,0.0,0.0,0.0
0.5161290322580645,0.0,0.0,0.0
0.46774193548387094,0.0,0.0,0.0
0.47096774193548385,0.0,0.0,0.0
0.47096774193548385,0.0,0.0,0.0
0.4774193548387097,0.0,0.0,0.0
0.4774193548387097,0.0,0.0,0.0
0.4612903225806452,0.0,0.0,0.0
0.4838709677419355,0.0,0.0,0.0
0.4870967741935484,0.0,0.0,0.0
0.48709677419354835,0.0,1.466275659824047e-05,0.0
0.5,0.0,0.0,0.0
0.5,0.0,0.0,0.0
0.4967741935483871,0.0,1.466275659824047e-05,0.0
0.503225806451613,0.0,1.466275659824047e-05,0.0
0.46774193548387094,0.0,2.932551319648094e-05,0.0
0.5096774193548387,0.0,0.0,0.0
0.49677419354838714,0.0,7.331378299120235e-05,0.0
0.5225806451612903,0.0,0.0,0.0
0.5225806451612903,0.0,0.0,0.0
0.503225806451613,0.0,0.00011730205278592375,0.0
0.5258064516129033,0.0,1.466275659824047e-05,0.0
0.532258064516129,0.0,0.0,0.0
0.535483870967742,0.0,0.0,0.0
0.535483870967742,0.0,1.466275659824047e-05,0.0
0.5387096774193548,0.0,0.0,0.0
0.5387096774193549,0.0,1.466275659824047e-05,0.0
0.5516129032258065,0.0,0.0,0.0
0.5483870967741935,0.0,0.0,0.0
0.5516129032258065,0.0,0.0,0.0
0.5548387096774193,0.0,0.0,0.0
0.5580645161290323,0.0,0.0,0.0
0.5580645161290323,0.0,0.0,0.0
0.5548387096774193,0.0,2.932551319648094e-05,0.0
0.567741935483871,0.0,0.0,0.0
0.5709677419354838,0.0,0.0,0.0
0.5741935483870968,0.0,0.0,0.0
0.5870967741935483,0.0,0.0,0.0
0.5806451612903226,0.0,0.0,0.0
0.5870967741935483,0.0,0.0,0.0
0.5903225806451613,0.0,1.466275659824047e-05,0.0
0.5838709677419355,0.0,2.932551319648094e-05,0.0
0.5903225806451613,0.0,2.932551319648094e-05,0.0
0.5967741935483871,0.0,1.466275659824047e-05,0.0
0.6064516129032258,0.0,0.0,0.0
0.603225806451613,0.0,0.0,0.0
0.6096774193548387,0.0,0.0,0.0
0.6322580645161291,0.0,1.466275659824047e-05,0.0
0.6,0.0,5.865102639296188e-05,0.0
0.6129032258064516,0.0,0.0,0.0
0.6129032258064516,0.0,4.398826979472141e-05,0.0
0.5967741935483871,0.0,4.398826979472141e-05,0.0
0.6225806451612904,0.0,1.466275659824047e-05,0.0
0.6290322580645161,0.0,2.932551319648094e-05,0.0
0.632258064516129,0.0,0.0,0.0
0.6258064516129033,0.0,4.398826979472141e-05,0.0
0.6419354838709678,0.0,0.0,0.0
0.6419354838709678,0.0,0.0,0.0
0.6419354838709678,0.0,1.466275659824047e-05,0.0
0.6483870967741936,0.0,0.0,0.0
0.6451612903225807,0.0,1.466275659824047e-05,0.0
0.6612903225806452,0.0,1.466275659824047e-05,0.0
0.6580645161290323,0.0,2.932551319648094e-05,0.0
0.6612903225806451,0.0,0.0,0.0
0.6645161290322581,0.0,0.0,0.0
0.667741935483871,0.0,0.0,0.0
0.6419354838709678,0.0,0.0,0.0
0.6741935483870968,0.0,1.466275659824047e-05,0.0
0.6806451612903226,0.0,0.0,0.0
0.6741935483870968,0.0,2.932551319648094e-05,0.0
0.6548387096774194,0.0,1.466275659824047e-05,0.0
0.6903225806451614,0.0,1.466275659824047e-05,0.0
0.6838709677419355,0.0,0.0,0.0
0.6935483870967742,0.0,0.0,0.0
0.7,0.0,0.0,0.0
0.6967741935483871,0.0,1.466275659824047e-05,0.0
0.7096774193548387,0.0,0.0,0.0
0.7064516129032258,0.0,0.0,0.0
0.7064516129032259,0.0,1.466275659824047e-05,0.0
0.7129032258064516,0.0,0.0,0.0
0.7129032258064517,0.0,1.466275659824047e-05,0.0
0.7161290322580646,0.0,1.466275659824047e-05,0.0
0.7193548387096774,0.0,1.466275659824047e-05,0.0
0.7290322580645161,0.0,0.0,0.0
0.7290322580645161,0.0,0.0,0.0
0.7322580645161291,0.0,0.0,0.0
0.7354838709677419,0.0,0.0,0.0
0.7387096774193549,0.0,0.0,0.0
0.7419354838709677,0.0,0.0,0.0
0.7419354838709677,0.0,1.466275659824047e-05,0.0
0.7483870967741936,0.0,0.0,0.0
0.7548387096774194,0.0,0.0,0.0
0.7548387096774194,0.0,1.466275659824047e-05,0.0
0.7612903225806451,0.0,0.0,0.0
0.7516129032258065,0.0,1.466275659824047e-05,0.0
0.7645161290322581,0.0,0.0,0.0
0.7741935483870968,0.0,0.0,0.0
0.7322580645161291,0.0,1.466275659824047e-05,0.0
0.7709677419354839,0.0,0.0,0.0
0.7903225806451614,0.0,1.466275659824047e-05,0.0
0.7709677419354839,0.0,2.932551319648094e-05,0.0
0.7806451612903226,0.0,0.0,0.0
0.7870967741935484,0.0,0.0,0.0
0.7967741935483871,0.0,0.0,0.0
0.7870967741935484,0.0,4.398826979472141e-05,0.0
0.7967741935483871,0.0,0.0,0.0
0.8032258064516129,0.0,0.0,0.0
0.8032258064516129,0.0,0.0,0.0
0.8064516129032258,0.0,2.932551319648094e-05,0.0
0.8064516129032259,0.0,1.466275659824047e-05,0.0
0.7741935483870969,0.0,1.466275659824047e-05,0.0
0.8129032258064516,0.0,0.0,0.0
0.8225806451612904,0.0,0.0,0.0
0.8193548387096774,0.0,0.0,0.0
0.8161290322580645,0.0,1.466275659824047e-05,0.0
0.8258064516129032,0.0,1.466275659824047e-05,0.0
0.8193548387096774,0.0,5.865102639296188e-05,0.0
0.832258064516129,0.0,2.932551319648094e-05,0.0
0.8387096774193549,0.0,0.0,0.0
0.8419354838709677,0.0,0.0,0.0
0.8451612903225807,0.0,0.0,0.0
0.8516129032258064,0.0,0.0,0.0
0.8451612903225807,0.0,0.0,0.0
0.8516129032258064,0.0,2.932551319648094e-05,0.0
0.8580645161290322,0.0,0.0,0.0
0.8612903225806452,0.0,0.0,0.0
0.8709677419354839,0.0,0.0,0.0
0.8612903225806452,0.0,4.398826979472141e-05,0.0
0.8483870967741935,0.0,0.00010263929618768328,0.0
0.8709677419354839,0.0,0.0,0.0
0.8774193548387097,0.0,0.0,0.0
0.8774193548387097,0.0,1.466275659824047e-05,0.0
0.8870967741935484,0.0,0.0,0.0
0.8903225806451613,0.0,0.0,0.0
0.8935483870967742,0.0,1.466275659824047e-05,0.0
0.8870967741935485,0.0,1.466275659824047e-05,0.0
0.896774193548387,0.0,0.0,0.0
0.903225806451613,0.0,1.466275659824047e-05,0.0
0.9032258064516129,0.0,0.0,0.0
0.9064516129032258,0.0,0.0,0.0
0.9096774193548387,0.0,0.0,0.0
0.8903225806451612,0.0,2.932551319648094e-05,0.0
0.9096774193548387,0.0,2.932551319648094e-05,0.0
0.9161290322580645,0.0,0.0,0.0
0.9193548387096775,0.0,1.466275659824047e-05,0.0
0.9258064516129032,0.0,0.0,0.0
0.9290322580645162,0.0,0.0,0.0
0.9354838709677419,0.0,0.0,0.0
0.932258064516129,0.0,0.0,0.0
0.9064516129032258,0.0,0.00011730205278592375,0.0
0.9451612903225807,0.0,0.0,0.0
0.9419354838709678,0.0,1.466275659824047e-05,0.0
0.9451612903225807,0.0,0.0,0.0
0.9548387096774194,0.0,0.0,0.0
0.9612903225806452,0.0,0.0,0.0
0.9580645161290322,0.0,0.0,0.0
0.9612903225806452,0.0,1.466275659824047e-05,0.0
0.967741935483871,0.0,1.466275659824047e-05,0.0
0.964516129032258,0.0,0.0,0.0
0.967741935483871,0.0,0.0,0.0
0.967741935483871,0.0,1.466275659824047e-05,0.0
0.9741935483870968,0.0,0.0,0.0
0.9806451612903225,0.0,0.0,0.0
0.9806451612903225,0.0,0.0,0.0
0.9741935483870968,0.0,1.466275659824047e-05,0.0
0.9870967741935485,0.0,1.466275659824047e-05,0.0
0.9516129032258064,0.0,0.00016129032258064516,0.0
0.9580645161290323,0.0,0.00017595307917888563,0.0
1.0064516129032257,0.0,0.0,0.0
0.996774193548387,0.0,4.398826979472141e-05,0.0
1.0064516129032257,0.0,0.0,0.0
0.9999999999999999,0.0,2.932551319648094e-05,0.0
1.0129032258064516,0.0,0.0,0.0
0.9967741935483871,0.0,7.331378299120235e-05,0.0
1.0193548387096774,0.0,0.0,0.0
1.0225806451612902,0.0,0.0,0.0
1.032258064516129,0.0,0.0,0.0
1.0290322580645161,0.0,0.0,0.0
0.9935483870967742,0.0,0.00016129032258064516,0.0
1.0032258064516129,0.0,1.466275659824047e-05,0.0
1.032258064516129,0.0,1.466275659824047e-05,0.0
1.0419354838709678,0.0,0.0,0.0
1.0419354838709678,0.0,1.466275659824047e-05,0.0
1.0483870967741935,0.0,0.0,0.0
1.0483870967741935,0.0,1.466275659824047e-05,0.0
1.0548387096774194,0.0,0.0,0.0
1.0548387096774194,0.0,0.0,0.0
1.0612903225806452,0.0,0.0,0.0
1.0612903225806452,0.0,1.466275659824047e-05,0.0
1.070967741935484,0.0,0.0,0.0
1.0419354838709676,0.0,4.398826979472141e-05,0.0
1.0774193548387097,0.0,0.0,0.0
1.0806451612903227,0.0,1.466275659824047e-05,0.0
1.0387096774193547,0.0,0.00019061583577712613,0.0
1.0774193548387099,0.0,2.932551319648094e-05,0.0
1.070967741935484,0.0,1.466275659824047e-05,0.0
1.096774193548387,0.0,0.0,0.0
1.0935483870967742,0.0,0.0,0.0
1.1,0.0,0.0,0.0
1.103225806451613,0.0,0.0,0.0
1.1064516129032258,0.0,0.0,0.0
1.103225806451613,0.0,0.0,0.0
1.1096774193548387,0.0,1.466275659824047e-05,0.0
1.1096774193548387,0.0,1.466275659824047e-05,0.0
1.1064516129032258,0.0,0.0,0.0
1.1193548387096774,0.0,0.0,0.0
1.1129032258064517,0.0,2.932551319648094e-05,0.0
1.1258064516129032,0.0,0.0,0.0
1.1193548387096774,0.0,4.398826979472141e-05,0.0
1.1290322580645162,0.0,1.466275659824047e-05,0.0
1.135483870967742,0.0,0.0,0.0
1.1290322580645162,0.0,0.0,0.0
1.1483870967741936,0.0,0.0,0.0
1.1483870967741936,0.0,0.0,0.0
1.1483870967741936,0.0,0.0,0.0
1.1387096774193548,0.0,4.398826979472141e-05,0.0
1.1612903225806452,0.0,0.0,0.0
1.1225806451612905,0.0,2.932551319648094e-05,0.0
1.1580645161290324,0.0,1.466275659824047e-05,0.0
1.167741935483871,0.0,0.0,0.0
1.1741935483870967,0.0,0.0,0.0
1.1709677419354838,0.0,0.0,0.0
1.1774193548387097,0.0,0.0,0.0
1.1741935483870967,0.0,0.0,0.0
1.1516129032258065,0.0,1.466275659824047e-05,0.0
1.1903225806451614,0.0,0.0,0.0
1.1870967741935485,0.0,1.466275659824047e-05,0.0
1.161290322580645,0.0,4.398826979472141e-05,0.0
1.1870967741935485,0.0,1.466275659824047e-05,0.0
1.2032258064516128,0.0,0.0,0.0
1.1935483870967742,0.0,1.466275659824047e-05,0.0
1.196774193548387,0.0,2.932551319648094e-05,0.0
1.2,0.0,1.466275659824047e-05,0.0
1.2096774193548387,0.0,1.466275659824047e-05,0.0
1.206451612903226,0.0,2.932551319648094e-05,0.0
1.2032258064516128,0.0,0.0,0.0
1.2225806451612904,0.0,0.0,0.0
1.2225806451612904,0.0,0.0,0.0
1.229032258064516,0.0,0.0,0.0
1.2258064516129032,0.0,1.466275659824047e-05,0.0
1.2258064516129032,0.0,2.932551319648094e-05,0.0
1.2258064516129032,0.0,1.466275659824047e-05,0.0
1.238709677419355,0.0,1.466275659824047e-05,0.0
1.2419354838709677,0.0,0.0,0.0
1.2032258064516128,0.0,0.0,0.0
1.2451612903225806,0.0,1.466275659824047e-05,0.0
1.2516129032258065,0.0,0.0,0.0
1.2483870967741937,0.0,2.932551319648094e-05,0.0
1.2451612903225806,0.0,0.0,0.0
1.2548387096774194,0.0,1.466275659824047e-05,0.0
1.267741935483871,0.0,0.0,0.0
1.267741935483871,0.0,0.0,0.0
1.261290322580645,0.0,1.466275659824047e-05,0.0
1.2741935483870968,0.0,0.0,0.0
1.2451612903225806,0.0,0.0001466275659824047,0.0
1.2806451612903227,0.0,1.466275659824047e-05,0.0
1.270967741935484,0.0,5.865102639296188e-05,0.0
1.2838709677419355,0.0,1.466275659824047e-05,0.0
1.2903225806451613,0.0,0.0,0.0
1.2967741935483872,0.0,0.0,0.0
1.2967741935483872,0.0,1.466275659824047e-05,0.0
1.3,0.0,0.0,0.0
1.303225806451613,0.0,0.0,0.0
1.3064516129032258,0.0,0.0,0.0
1.3064516129032258,0.0,1.466275659824047e-05,0.0
1.3129032258064517,0.0,0.0,0.0
1.3193548387096774,0.0,0.0,0.0
1.3096774193548388,0.0,1.466275659824047e-05,0.0
1.3,0.0,0.0,0.0
1.3225806451612903,0.0,0.0,0.0
1.3290322580645162,0.0,2.932551319648094e-05,0.0
1.3129032258064517,0.0,7.331378299120235e-05,0.0
1.3387096774193548,0.0,0.0,0.0
1.335483870967742,0.0,1.466275659824047e-05,0.0
1.3451612903225807,0.0,0.0,0.0
1.338709677419355,0.0,2.932551319648094e-05,0.0
1.3451612903225807,0.0,0.0,0.0
1.3516129032258064,0.0,0.0,0.0
1.332258064516129,0.0,0.0,0.0
1.3548387096774195,0.0,1.466275659824047e-05,0.0
1.3580645161290323,0.0,1.466275659824047e-05,0.0
1.3516129032258064,0.0,5.865102639296188e-05,0.0
1.364516129032258,0.0,0.0,0.0
1.3838709677419356,0.0,1.466275659824047e-05,0.0
1.3774193548387097,0.0,0.0,0.0
1.3741935483870968,0.0,0.0,0.0
1.3838709677419354,0.0,0.0,0.0
1.3806451612903226,0.0,1.466275659824047e-05,0.0
1.3903225806451613,0.0,0.0,0.0
1.3870967741935485,0.0,1.466275659824047e-05,0.0
1.3548387096774193,0.0,0.0,0.0
1.396774193548387,0.0,1.466275659824047e-05,0.0
1.4000000000000001,0.0,1.466275659824047e-05,0.0
1.4,0.0,0.0,0.0
1.4064516129032258,0.0,0.0,0.0
1.4096774193548387,0.0,0.0,0.0
1.4129032258064516,0.0,0.0,0.0
1.4096774193548387,0.0,0.0,0.0
1.4193548387096775,0.0,1.466275659824047e-05,0.0
1.4193548387096775,0.0,1.466275659824047e-05,0.0
1.4225806451612903,0.0,0.0,0.0
1.4225806451612903,0.0,1.466275659824047e-05,0.0
1.4322580645161291,0.0,0.0,0.0
1.4322580645161291,0.0,0.0,0.0
1.435483870967742,0.0,0.0,0.0
1.4193548387096775,0.0,8.797653958944282e-05,0.0
1.4419354838709677,0.0,1.466275659824047e-05,0.0
1.4451612903225808,0.0,1.466275659824047e-05,0.0
1.4483870967741936,0.0,2.932551319648094e-05,0.0
1.4580645161290322,0.0,0.0,0.0
1.4193548387096773,0.0,0.00019061583577712613,0.0
1.4580645161290322,0.0,1.466275659824047e-05,0.0
1.467741935483871,0.0,0.0,0.0
1.4645161290322581,0.0,0.0,0.0
1.4419354838709677,0.0,0.0,0.0
1.4516129032258065,0.0,0.0,0.0
1.474193548387097,0.0,1.466275659824047e-05,0.0
1.4709677419354839,0.0,1.466275659824047e-05,0.0
1.4806451612903226,0.0,0.0,0.0
1.4838709677419355,0.0,1.466275659824047e-05,0.0
1.4935483870967743,0.0,0.0,0.0
1.4645161290322581,0.0,1.466275659824047e-05,0.0
1.4903225806451614,0.0,2.932551319648094e-05,0.0
1.5,0.0,1.466275659824047e-05,0.0
1.4935483870967743,0.0,1.466275659824047e-05,0.0
1.5064516129032257,0.0,0.0,0.0
1.506451612903226,0.0,2.932551319648094e-05,0.0
1.5129032258064516,0.0,0.0,0.0
1.5193548387096774,0.0,0.0,0.0
1.5032258064516129,0.0,8.797653958944282e-05,0.0
1.5193548387096774,0.0,0.0,0.0
1.5290322580645161,0.0,0.0,0.0
1.5225806451612902,0.0,4.398826979472141e-05,0.0
1.5258064516129033,0.0,2.932551319648094e-05,0.0
1.5354838709677419,0.0,0.0,0.0
1.532258064516129,0.0,1.466275659824047e-05,0.0
1.5258064516129033,0.0,0.0,0.0
1.538709677419355,0.0,1.466275659824047e-05,0.0
1.5483870967741935,0.0,0.0,0.0
1.5483870967741935,0.0,0.0,0.0
1.5548387096774194,0.0,0.0,0.0
1.5580645161290323,0.0,0.0,0.0
1.5451612903225806,0.0,0.0,0.0
1.564516129032258,0.0,0.0,0.0
1.567741935483871,0.0,1.466275659824047e-05,0.0
1.5129032258064516,0.0,0.00026392961876832845,0.0
1.5741935483870968,0.0,0.0,0.0
1.5741935483870968,0.0,1.466275659824047e-05,0.0
1.5774193548387097,0.0,1.466275659824047e-05,0.0
1.5774193548387097,0.0,1.466275659824047e-05,0.0
1.5741935483870968,0.0,1.466275659824047e-05,0.0
1.5935483870967742,0.0,0.0,0.0
1.5870967741935484,0.0,1.466275659824047e-05,0.0
1.567741935483871,0.0,1.466275659824047e-05,0.0
1.5935483870967744,0.0,2.932551319648094e-05,0.0
1.5935483870967742,0.0,0.0,0.0
1.603225806451613,0.0,1.466275659824047e-05,0.0
1.6129032258064515,0.0,0.0,0.0
1.6096774193548387,0.0,0.0,0.0
1.6193548387096774,0.0,0.0,0.0
1.6064516129032258,0.0,2.932551319648094e-05,0.0
1.6258064516129032,0.0,0.0,0.0
1.6258064516129032,0.0,0.0,0.0
1.6290322580645162,0.0,0.0,0.0
1.6225806451612903,0.0,0.0,0.0
1.635483870967742,0.0,0.0,0.0
1.635483870967742,0.0,0.0,0.0
1.6451612903225807,0.0,0.0,0.0
1.6387096774193548,0.0,1.466275659824047e-05,0.0
1.6451612903225807,0.0,2.932551319648094e-05,0.0
1.6419354838709679,0.0,2.932551319648094e-05,0.0
1.6387096774193548,0.0,5.865102639296188e-05,0.0
1.664516129032258,0.0,0.0,0.0
1.6580645161290324,0.0,1.466275659824047e-05,0.0
1.667741935483871,0.0,1.466275659824047e-05,0.0
1.664516129032258,0.0,0.0,0.0
1.667741935483871,0.0,1.466275659824047e-05,0.0
1.6741935483870967,0.0,0.0,0.0
1.6709677419354838,0.0,1.466275659824047e-05,0.0
1.6516129032258065,0.0,1.466275659824047e-05,0.0
1.6870967741935483,0.0,0.0,0.0
1.6838709677419355,0.0,0.0,0.0
1.6870967741935485,0.0,1.466275659824047e-05,0.0
1.6903225806451614,0.0,1.466275659824047e-05,0.0
1.664516129032258,0.0,0.00013196480938416422,0.0
1.7,0.0,0.0,0.0
1.7032258064516128,0.0,0.0,0.0
1.7,0.0,0.0,0.0
1.7,0.0,4.398826979472141e-05,0.0
1.7129032258064516,0.0,0.0,0.0
1.7096774193548387,0.0,1.466275659824047e-05,0.0
1.7,0.0,8.797653958944282e-05,0.0
1.6935483870967742,0.0,1.466275659824047e-05,0.0
1.7225806451612904,0.0,1.466275659824047e-05,0.0
1.7225806451612904,0.0,1.466275659824047e-05,0.0
1.729032258064516,0.0,0.0,0.0
1.706451612903226,0.0,0.0,0.0
1.7322580645161292,0.0,1.466275659824047e-05,0.0
1.738709677419355,0.0,1.466275659824047e-05,0.0
1.7419354838709677,0.0,1.466275659824047e-05,0.0
1.7451612903225806,0.0,0.0,0.0
1.7516129032258065,0.0,0.0,0.0
1.7483870967741935,0.0,0.0,0.0
1.7806451612903227,0.0,0.0,0.0
1.738709677419355,0.0,0.0,0.0
1.767741935483871,0.0,0.0,0.0
1.761290322580645,0.0,1.466275659824047e-05,0.0
1.7741935483870968,0.0,0.0,0.0
1.770967741935484,0.0,0.0,0.0
1.7741935483870968,0.0,1.466275659824047e-05,0.0
1.7774193548387096,0.0,0.0,0.0
1.7548387096774194,0.0,0.0,0.0
1.7774193548387098,0.0,1.466275659824047e-05,0.0
1.7870967741935484,0.0,0.0,0.0
1.7870967741935484,0.0,1.466275659824047e-05,0.0
1.7903225806451613,0.0,1.466275659824047e-05,0.0
1.7838709677419355,0.0,5.865102639296188e-05,0.0
1.8290322580645162,0.0,0.0,0.0
1.8096774193548386,0.0,0.0,0.0
1.8096774193548388,0.0,1.466275659824047e-05,0.0
1.8096774193548386,0.0,0.0,0.0
1.8161290322580645,0.0,1.466275659824047e-05,0.0
1.803225806451613,0.0,1.466275659824047e-05,0.0
1.8161290322580645,0.0,0.0,0.0
1.8193548387096774,0.0,0.0,0.0
1.8290322580645162,0.0,0.0,0.0
1.8290322580645162,0.0,0.0,0.0
1.832258064516129,0.0,0.0,0.0
1.835483870967742,0.0,0.0,0.0
1.835483870967742,0.0,0.0,0.0
1.835483870967742,0.0,1.466275659824047e-05,0.0
1.8483870967741935,0.0,0.0,0.0
1.8516129032258064,0.0,0.0,0.0
1.8,0.0,0.0002346041055718475,0.0
1.8483870967741935,0.0,2.932551319648094e-05,0.0
1.8516129032258064,0.0,0.0,0.0
1.8612903225806452,0.0,0.0,0.0
1.8548387096774193,0.0,5.865102639296188e-05,0.0
1.864516129032258,0.0,0.0,0.0
1.8741935483870968,0.0,0.0,0.0
1.8774193548387097,0.0,0.0,0.0
1.8838709677419354,0.0,0.0,0.0
1.8838709677419354,0.0,0.0,0.0
1.8838709677419356,0.0,1.466275659824047e-05,0.0
1.8935483870967742,0.0,0.0,0.0
1.8870967741935485,0.0,1.466275659824047e-05,0.0
1.8903225806451613,0.0,0.0,0.0
1.8806451612903226,0.0,0.0,0.0
1.8935483870967742,0.0,4.398826979472141e-05,0.0
1.903225806451613,0.0,1.466275659824047e-05,0.0
1.9064516129032258,0.0,1.466275659824047e-05,0.0
1.9064516129032258,0.0,1.466275659824047e-05,0.0
1.9096774193548387,0.0,1.466275659824047e-05,0.0
1.9193548387096775,0.0,1.466275659824047e-05,0.0
1.9096774193548387,0.0,0.0,0.0
1.9161290322580646,0.0,1.466275659824047e-05,0.0
1.929032258064516,0.0,0.0,0.0
1.929032258064516,0.0,0.0,0.0
1.9387096774193548,0.0,0.0,0.0
1.9322580645161291,0.0,0.0,0.0
1.935483870967742,0.0,0.0,0.0
1.8483870967741933,0.0,0.0003079178885630499,0.0
1.9483870967741936,0.0,0.0,0.0
1.9451612903225808,0.0,2.932551319648094e-05,0.0
1.9483870967741936,0.0,1.466275659824047e-05,0.0
1.9322580645161291,0.0,0.00010263929618768328,0.0
1.961290322580645,0.0,0.0,0.0
1.961290322580645,0.0,0.0,0.0
1.967741935483871,0.0,1.466275659824047e-05,0.0
1.967741935483871,0.0,1.466275659824047e-05,0.0
1.9612903225806453,0.0,2.932551319648094e-05,0.0
1.967741935483871,0.0,2.932551319648094e-05,0.0
1.9774193548387098,0.0,1.466275659824047e-05,0.0
1.9806451612903226,0.0,0.0,0.0
1.9774193548387096,0.0,4.398826979472141e-05,0.0
1.9903225806451612,0.0,0.0,0.0
1.9838709677419355,0.0,1.466275659824047e-05,0.0
1.9838709677419355,0.0,2.932551319648094e-05,0.0
1.9967741935483871,0.0,0.0,0.0
1.9935483870967743,0.0,1.466275659824047e-05,0.0
1.9806451612903226,0.0,0.0,0.0
2.0064516129032257,0.0,0.0,0.0
2.0064516129032257,0.0,0.0,0.0
2.012903225806452,0.0,2.932551319648094e-05,0.0
2.0064516129032257,0.0,0.0,0.0
2.0161290322580645,0.0,1.466275659824047e-05,0.0
1.9935483870967743,0.0,1.466275659824047e-05,0.0
2.0258064516129033,0.0,0.0,0.0
2.025806451612903,0.0,1.466275659824047e-05,0.0
2.029032258064516,0.0,1.466275659824047e-05,0.0
2.035483870967742,0.0,0.0,0.0
2.0387096774193547,0.0,0.0,0.0
2.0064516129032257,0.0,0.0,0.0
2.0258064516129033,0.0,5.865102639296188e-05,0.0
2.0483870967741935,0.0,1.466275659824047e-05,0.0
2.0451612903225804,0.0,1.466275659824047e-05,0.0
2.0516129032258066,0.0,2.932551319648094e-05,0.0
2.054838709677419,0.0,1.466275659824047e-05,0.0
2.061290322580645,0.0,1.466275659824047e-05,0.0
2.064516129032258,0.0,0.0,0.0
2.064516129032258,0.0,1.466275659824047e-05,0.0
2.0709677419354837,0.0,1.466275659824047e-05,0.0
2.0838709677419356,0.0,4.398826979472141e-05,0.0
2.074193548387097,0.0,0.0,0.0
2.0838709677419356,0.0,0.0,0.0
2.061290322580645,0.0,1.466275659824047e-05,0.0
2.0838709677419356,0.0,0.0,0.0
2.0903225806451613,0.0,0.0,0.0
2.096774193548387,0.0,0.0,0.0
2.0903225806451613,0.0,1.466275659824047e-05,0.0
2.109677419354839,0.0,0.0,0.0
2.1032258064516127,0.0,0.0,0.0
2.1129032258064515,0.0,0.0,0.0
2.106451612903226,0.0,1.466275659824047e-05,0.0
2.1193548387096772,0.0,0.0,0.0
2.1161290322580646,0.0,0.0,0.0
2.1129032258064515,0.0,0.0,0.0
2.1225806451612903,0.0,0.0,0.0
2.1258064516129034,0.0,0.0,0.0
2.129032258064516,0.0,0.0,0.0
2.1258064516129034,0.0,2.932551319648094e-05,0.0
2.125806451612903,0.0,1.466275659824047e-05,0.0
2.1451612903225805,0.0,0.0,0.0
2.1193548387096772,0.0,1.466275659824047e-05,0.0
2.1451612903225805,0.0,0.0,0.0
2.132258064516129,0.0,2.932551319648094e-05,0.0
2.1516129032258062,0.0,0.0,0.0
2.129032258064516,0.0,8.797653958944282e-05,0.0
2.145161290322581,0.0,5.865102639296188e-05,0.0
2.164516129032258,0.0,0.0,0.0
2.1354838709677417,0.0,0.0,0.0
2.1612903225806455,0.0,2.932551319648094e-05,0.0
2.167741935483871,0.0,0.0,0.0
2.167741935483871,0.0,2.932551319648094e-05,0.0
2.1290322580645165,0.0,0.00020527859237536657,0.0
2.1806451612903226,0.0,1.466275659824047e-05,0.0
2.141935483870968,0.0,0.0,0.0
2.1870967741935483,0.0,0.0,0.0
2.1903225806451614,0.0,0.0,0.0
2.1774193548387095,0.0,0.0,0.0
2.193548387096774,0.0,0.0,0.0
2.1903225806451614,0.0,0.0,0.0
2.1935483870967745,0.0,2.932551319648094e-05,0.0
2.2064516129032254,0.0,1.466275659824047e-05,0.0
2.2096774193548385,0.0,1.466275659824047e-05,0.0
2.203225806451613,0.0,2.932551319648094e-05,0.0
2.2161290322580647,0.0,2.932551319648094e-05,0.0
2.2161290322580647,0.0,2.932551319648094e-05,0.0
2.2064516129032254,0.0,1.466275659824047e-05,0.0
2.225806451612903,0.0,0.0,0.0
2.232258064516129,0.0,0.0,0.0
2.206451612903226,0.0,0.00011730205278592375,0.0
2.2193548387096773,0.0,2.932551319648094e-05,0.0
2.238709677419355,0.0,0.0,0.0
2.238709677419355,0.0,0.0,0.0
2.235483870967742,0.0,2.932551319648094e-05,0.0
2.235483870967742,0.0,1.466275659824047e-05,0.0
2.2483870967741937,0.0,0.0,0.0
2.2516129032258068,0.0,2.932551319648094e-05,0.0
2.2580645161290325,0.0,2.932551319648094e-05,0.0
2.2548387096774194,0.0,1.466275659824047e-05,0.0
2.267741935483871,0.0,0.0,0.0
2.267741935483871,0.0,0.0,0.0
2.267741935483871,0.0,1.466275659824047e-05,0.0
2.274193548387097,0.0,0.0,0.0
2.270967741935484,0.0,2.932551319648094e-05,0.0
2.2838709677419353,0.0,1.466275659824047e-05,0.0
2.2806451612903222,0.0,1.466275659824047e-05,0.0
2.2870967741935484,0.0,0.0,0.0
2.293548387096774,0.0,0.0,0.0
2.2903225806451615,0.0,0.0,0.0
2.296774193548387,0.0,0.0,0.0
2.3,0.0,0.0,0.0
2.296774193548387,0.0,4.398826979472141e-05,0.0
2.303225806451613,0.0,1.466275659824047e-05,0.0
2.306451612903226,0.0,0.0,0.0
2.3064516129032255,0.0,1.466275659824047e-05,0.0
2.3096774193548386,0.0,1.466275659824047e-05,0.0
2.3387096774193545,0.0,1.466275659824047e-05,0.0
2.3000000000000003,0.0,2.932551319648094e-05,0.0
2.3225806451612905,0.0,0.0,0.0
2.335483870967742,0.0,0.0,0.0
2.329032258064516,0.0,0.0,0.0
2.332258064516129,0.0,1.466275659824047e-05,0.0
2.370967741935484,0.0,0.0,0.0
2.3419354838709676,0.0,0.0,0.0
2.3419354838709676,0.0,1.466275659824047e-05,0.0
2.374193548387097,0.0,2.932551319648094e-05,0.0
2.3548387096774195,0.0,0.0,0.0
2.3516129032258064,0.0,1.466275659824047e-05,0.0
2.3548387096774195,0.0,2.932551319648094e-05,0.0
2.354838709677419,0.0,1.466275659824047e-05,0.0
2.3645161290322583,0.0,0.0,0.0
2.361290322580645,0.0,1.466275659824047e-05,0.0
2.367741935483871,0.0,1.466275659824047e-05,0.0
2.364516129032258,0.0,1.466275659824047e-05,0.0
2.3806451612903228,0.0,0.0,0.0
2.374193548387097,0.0,2.932551319648094e-05,0.0
2.3806451612903223,0.0,1.466275659824047e-05,0.0
2.387096774193548,0.0,1.466275659824047e-05,0.0
2.3870967741935485,0.0,0.0,0.0
2.393548387096774,0.0,1.466275659824047e-05,0.0
2.3967741935483873,0.0,0.0,0.0
2.4032258064516125,0.0,1.466275659824047e-05,0.0
2.4,0.0,1.466275659824047e-05,0.0
2.3838709677419354,0.0,0.00011730205278592375,0.0
2.403225806451613,0.0,4.398826979472141e-05,0.0
2.406451612903226,0.0,2.932551319648094e-05,0.0
2.4129032258064513,0.0,1.466275659824047e-05,0.0
2.419354838709677,0.0,1.466275659824047e-05,0.0
2.358064516129032,0.0,0.0002785923753665689,0.0
2.4161290322580644,0.0,4.398826979472141e-05,0.0
2.4193548387096775,0.0,2.932551319648094e-05,0.0
2.425806451612903,0.0,2.932551319648094e-05,0.0
2.432258064516129,0.0,0.0,0.0
2.435483870967742,0.0,0.0,0.0
2.4419354838709677,0.0,0.0,0.0
2.403225806451613,0.0,0.0001466275659824047,0.0
2.4451612903225803,0.0,1.466275659824047e-05,0.0
2.438709677419355,0.0,5.865102639296188e-05,0.0
2.448387096774194,0.0,2.932551319648094e-05,0.0
2.4516129032258065,0.0,2.932551319648094e-05,0.0
2.4516129032258065,0.0,4.398826979472141e-05,0.0
2.4548387096774196,0.0,2.932551319648094e-05,0.0
2.4612903225806453,0.0,2.932551319648094e-05,0.0
2.4645161290322584,0.0,2.932551319648094e-05,0.0
2.464516129032258,0.0,4.398826979472141e-05,0.0
2.496774193548387,0.0,4.398826979472141e-05,0.0
2.4709677419354836,0.0,4.398826979472141e-05,0.0
2.467741935483871,0.0,5.865102639296188e-05,0.0
2.47741935483871,0.0,4.398826979472141e-05,0.0
2.4806451612903224,0.0,4.398826979472141e-05,0.0
2.47741935483871,0.0,4.398826979472141e-05,0.0
2.4838709677419355,0.0,5.865102639296188e-05,0.0
2.490322580645161,0.0,4.398826979472141e-05,0.0
2.4935483870967743,0.0,5.865102639296188e-05,0.0
2.4838709677419355,0.0,7.331378299120235e-05,0.0
2.493548387096774,0.0,8.797653958944282e-05,0.0
2.5,0.0,5.865102639296188e-05,0.0
2.464516129032258,0.0,7.331378299120235e-05,0.0
2.509677419354839,0.0,0.0,0.0
2.5064516129032257,0.0,7.331378299120235e-05,0.0
2.503225806451613,0.0,0.00010263929618768328,0.0
2.5129032258064514,0.0,8.797653958944282e-05,0.0
2.5064516129032257,0.0,0.00010263929618768328,0.0
2.509677419354839,0.0,0.00010263929618768328,0.0
2.5129032258064514,0.0,0.00011730205278592375,0.0
2.509677419354839,0.0,0.0001466275659824047,0.0
2.519354838709677,0.0,0.00011730205278592375,0.0
2.52258064516129,0.0,0.00011730205278592375,0.0
2.5161290322580645,0.0,0.00013196480938416422,0.0
2.519354838709677,0.0,0.00016129032258064516,0.0
2.5129032258064514,0.0,0.00016129032258064516,0.0
2.535483870967742,0.0,0.00011730205278592375,0.0
2.5258064516129033,0.0,0.00016129032258064516,0.0
2.5290322580645164,0.0,0.00017595307917888563,0.0
2.5258064516129033,0.0,0.00019061583577712613,0.0
2.529032258064516,0.0,0.00019061583577712613,0.0
2.538709677419355,0.0,0.00017595307917888563,0.0
2.538709677419355,0.0,0.00017595307917888563,0.0
2.541935483870968,0.0,0.00019061583577712613,0.0
2.538709677419355,0.0,0.00020527859237536657,0.0
2.5387096774193547,0.0,0.00021994134897360704,0.0
2.541935483870968,0.0,0.00021994134897360704,0.0
2.541935483870968,0.0,0.0002346041055718475,0.0
2.5387096774193547,0.0,0.00026392961876832845,0.0
2.532258064516129,0.0,0.0002346041055718475,0.0
2.5483870967741935,0.0,0.000249266862170088,0.0
2.5709677419354837,0.0,0.00016129032258064516,0.0
2.5451612903225804,0.0,0.0002785923753665689,0.0
2.554838709677419,0.0,0.0002785923753665689,0.0
2.554838709677419,0.0,0.0002932551319648094,0.0
2.554838709677419,0.0,0.0002932551319648094,0.0
2.5580645161290323,0.0,0.0002932551319648094,0.0
2.5677419354838706,0.0,0.0003079178885630499,0.0
2.551612903225806,0.0,0.0003079178885630499,0.0
2.5612903225806454,0.0,0.0003225806451612903,0.0
2.554838709677419,0.0,0.00035190615835777126,0.0
2.567741935483871,0.0,0.0003372434017595308,0.0
2.561290322580645,0.0,0.0003372434017595308,0.0
2.5677419354838706,0.0,0.00038123167155425225,0.0
2.5709677419354837,0.0,0.00036656891495601173,0.0
2.558064516129032,0.0,0.0004252199413489736,0.0
2.574193548387097,0.0,0.00038123167155425225,0.0
2.570967741935484,0.0,0.00039589442815249267,0.0
2.574193548387097,0.0,0.00039589442815249267,0.0
2.574193548387097,0.0,0.0004252199413489736,0.0
2.570967741935484,0.0,0.0004398826979472141,0.0
2.6,0.0,0.0004398826979472141,0.0
2.567741935483871,0.0,0.000469208211143695,0.0
2.564516129032258,0.0,0.0005131964809384164,0.0
2.564516129032258,0.0,0.00045454545454545455,0.0
2.57741935483871,0.0,0.000469208211143695,0.0
2.57741935483871,0.0,0.0004838709677419355,0.0
2.587096774193548,0.0,0.0004838709677419355,0.0
2.5806451612903225,0.0,0.0005131964809384164,0.0
2.5806451612903225,0.0,0.0005131964809384164,0.0
2.5903225806451613,0.0,0.0005131964809384164,0.0
2.587096774193548,0.0,0.0005278592375366569,0.0
2.5838709677419356,0.0,0.0005571847507331378,0.0
2.5903225806451613,0.0,0.0005425219941348974,0.0
2.596774193548387,0.0,0.0005571847507331378,0.0
2.5838709677419356,0.0,0.0006011730205278592,0.0
2.645161290322581,0.0,0.0003225806451612903,0.0
2.5709677419354837,0.0,0.0006451612903225806,0.0
2.6548387096774193,0.0,0.00035190615835777126,0.0
2.554838709677419,0.0,0.0006304985337243402,0.0
2.587096774193548,0.0,0.0006304985337243402,0.0
2.606451612903226,0.0,0.0006158357771260998,0.0
2.6096774193548384,0.0,0.0005718475073313783,0.0
2.603225806451613,0.0,0.0006598240469208211,0.0
2.664516129032258,0.0,0.00038123167155425225,0.0
2.6,0.0,0.0006744868035190616,0.0
2.596774193548387,0.0,0.0007184750733137829,0.0
2.6,0.0,0.0007038123167155425,0.0
2.596774193548387,0.0,0.0007038123167155425,0.0
2.6,0.0,0.0007184750733137829,0.0
2.606451612903226,0.0,0.0007184750733137829,0.0
2.6032258064516127,0.0,0.0007624633431085045,0.0
2.5999999999999996,0.0,0.0007624633431085045,0.0
2.6,0.0,0.0007771260997067449,0.0
2.6032258064516127,0.0,0.0007917888563049853,0.0
2.609677419354839,0.0,0.0007771260997067449,0.0
2.603225806451613,0.0,0.0008064516129032258,0.0
2.612903225806452,0.0,0.0008064516129032258,0.0
2.5483870967741935,0.0,0.0008211143695014663,0.0
2.6032258064516127,0.0,0.0008357771260997067,0.0
2.6161290322580646,0.0,0.0008504398826979472,0.0
2.6032258064516127,0.0,0.0008944281524926686,0.0
2.606451612903226,0.0,0.0008651026392961876,0.0
2.6032258064516127,0.0,0.0009090909090909091,0.0
2.609677419354839,0.0,0.0008797653958944282,0.0
2.6161290322580646,0.0,0.0008944281524926686,0.0
2.6096774193548384,0.0,0.0009090909090909091,0.0
2.6129032258064515,0.0,0.0009090909090909091,0.0
2.6193548387096777,0.0,0.0009237536656891496,0.0
2.6161290322580646,0.0,0.00093841642228739,0.0
2.6161290322580646,0.0,0.0009530791788856305,0.0
2.6129032258064515,0.0,0.0009824046920821113,0.0
2.6129032258064515,0.0,0.000967741935483871,0.0
2.6161290322580646,0.0,0.000997067448680352,0.0
2.6161290322580646,0.0,0.000997067448680352,0.0
2.6193548387096777,0.0,0.000997067448680352,0.0
2.6193548387096772,0.0,0.0010117302052785925,0.0
2.6225806451612903,0.0,0.000997067448680352,0.0
2.6161290322580646,0.0,0.0010410557184750734,0.0
2.6161290322580646,0.0,0.0010703812316715541,0.0
2.625806451612903,0.0,0.0010557184750733138,0.0
2.6161290322580646,0.0,0.0010703812316715541,0.0
2.625806451612903,0.0,0.0010557184750733138,0.0
2.6225806451612907,0.0,0.0010997067448680353,0.0
2.6322580645161286,0.0,0.0010997067448680353,0.0
2.632258064516129,0.0,0.0011143695014662757,0.0
2.632258064516129,0.0,0.0011143695014662757,0.0
2.6258064516129034,0.0,0.0011436950146627566,0.0
2.632258064516129,0.0,0.001158357771260997,0.0
2.6516129032258062,0.0,0.0010557184750733138,0.0
2.629032258064516,0.0,0.0011730205278592375,0.0
2.6258064516129034,0.0,0.0011876832844574781,0.0
2.6322580645161286,0.0,0.0011730205278592375,0.0
2.632258064516129,0.0,0.0012023460410557185,0.0
2.5903225806451617,0.0,0.0012463343108504398,0.0
2.6258064516129034,0.0,0.0012316715542521996,0.0
2.580645161290323,0.0,0.0012463343108504398,0.0
2.6096774193548384,0.0,0.0013489736070381232,0.0
2.638709677419355,0.0,0.0012609970674486804,0.0
2.635483870967742,0.0,0.0012609970674486804,0.0
2.632258064516129,0.0,0.0012903225806451613,0.0
2.638709677419355,0.0,0.0012903225806451613,0.0
2.6354838709677417,0.0,0.0013049853372434019,0.0
2.6419354838709674,0.0,0.0013196480938416422,0.0
2.638709677419355,0.0,0.0013196480938416422,0.0
2.6225806451612903,0.0,0.0013489736070381232,0.0
2.6419354838709674,0.0,0.0013489736070381232,0.0
2.638709677419355,0.0,0.0013636363636363635,0.0
2.638709677419355,0.0,0.001378299120234604,0.0
2.638709677419355,0.0,0.001378299120234604,0.0
2.6354838709677417,0.0,0.0013929618768328447,0.0
2.641935483870968,0.0,0.001407624633431085,0.0
2.645161290322581,0.0,0.001407624633431085,0.0
2.641935483870968,0.0,0.0014369501466275658,0.0
2.641935483870968,0.0,0.0014516129032258063,0.0
2.6419354838709674,0.0,0.001466275659824047,0.0
2.6419354838709674,0.0,0.001466275659824047,0.0
2.645161290322581,0.0,0.0014809384164222873,0.0
2.645161290322581,0.0,0.0014809384164222873,0.0
2.664516129032258,0.0,0.0014369501466275658,0.0
2.603225806451613,0.0,0.0015102639296187684,0.0
2.6516129032258067,0.0,0.001524926686217009,0.0
2.6483870967741936,0.0,0.0015102639296187684,0.0
2.6483870967741936,0.0,0.0015542521994134897,0.0
2.6451612903225805,0.0,0.00156891495601173,0.0
2.6516129032258062,0.0,0.00156891495601173,0.0
2.6483870967741936,0.0,0.0015835777126099707,0.0
2.6483870967741936,0.0,0.0015835777126099707,0.0
2.661290322580645,0.0,0.00156891495601173,0.0
2.6838709677419357,0.0,0.0016275659824046922,0.0
2.6548387096774193,0.0,0.0016129032258064516,0.0
2.638709677419355,0.0,0.001656891495601173,0.0
2.6516129032258062,0.0,0.0016422287390029325,0.0
2.670967741935484,0.0,0.0016715542521994135,0.0
2.661290322580645,0.0,0.0016715542521994135,0.0
2.638709677419355,0.0,0.001686217008797654,0.0
2.6548387096774193,0.0,0.001715542521994135,0.0
2.6548387096774193,0.0,0.0017008797653958944,0.0
2.6516129032258062,0.0,0.0017302052785923751,0.0
2.6451612903225805,0.0,0.0017448680351906157,0.0
2.6483870967741936,0.0,0.0017448680351906157,0.0
2.661290322580645,0.0,0.0017595307917888563,0.0
2.670967741935484,0.0,0.001715542521994135,0.0
2.6774193548387095,0.0,0.0017595307917888563,0.0
2.6838709677419357,0.0,0.0016715542521994135,0.0
2.664516129032258,0.0,0.0018035190615835778,0.0
2.664516129032258,0.0,0.0017888563049853372,0.0
2.664516129032258,0.0,0.0018181818181818182,0.0
2.667741935483871,0.0,0.0018475073313782991,0.0
2.6419354838709674,0.0,0.0019208211143695016,0.0
2.6483870967741936,0.0,0.0018328445747800585,0.0
2.661290322580645,0.0,0.00187683284457478,0.0
2.658064516129032,0.0,0.00187683284457478,0.0
2.6677419354838707,0.0,0.001906158357771261,0.0
2.664516129032258,0.0,0.00187683284457478,0.0
2.667741935483871,0.0,0.0019208211143695016,0.0
2.670967741935484,0.0,0.0018914956011730206,0.0
2.664516129032258,0.0,0.0019501466275659823,0.0
2.6774193548387095,0.0,0.0018621700879765395,0.0
2.6645161290322577,0.0,0.0019208211143695016,0.0
2.6516129032258062,0.0,0.0020527859237536657,0.0
2.6645161290322577,0.0,0.001994134897360704,0.0
2.6774193548387095,0.0,0.0019501466275659823,0.0
2.664516129032258,0.0,0.0020087976539589444,0.0
2.6677419354838707,0.0,0.002023460410557185,0.0
2.664516129032258,0.0,0.002038123167155425,0.0
2.670967741935484,0.0,0.002023460410557185,0.0
2.6741935483870964,0.0,0.002023460410557185,0.0
2.674193548387097,0.0,0.0020527859237536657,0.0
2.667741935483871,0.0,0.002082111436950147,0.0
2.670967741935484,0.0,0.0020674486803519063,0.0
2.664516129032258,0.0,0.002096774193548387,0.0
2.664516129032258,0.0,0.002082111436950147,0.0
2.7483870967741937,0.0,0.0020087976539589444,0.0
2.6580645161290324,0.0,0.002155425219941349,0.0
2.6774193548387095,0.0,0.002082111436950147,0.0
2.670967741935484,0.0,0.0020674486803519063,0.0
2.6806451612903226,0.0,0.0020527859237536657,0.0
2.667741935483871,0.0,0.002082111436950147,0.0
2.670967741935484,0.0,0.0020674486803519063,0.0
2.641935483870968,0.0,0.0022287390029325513,0.0
2.674193548387097,0.0,0.002082111436950147,0.0
2.6806451612903226,0.0,0.0020674486803519063,0.0
2.670967741935484,0.0,0.002082111436950147,0.0
2.674193548387097,0.0,0.0020527859237536657,0.0
2.6548387096774193,0.0,0.0021260997067448677,0.0
2.670967741935484,0.0,0.002082111436950147,0.0
2.667741935483871,0.0,0.002082111436950147,0.0
2.6806451612903226,0.0,0.002082111436950147,0.0
2.674193548387097,0.0,0.0020527859237536657,0.0
2.6612903225806455,0.0,0.0021114369501466276,0.0
2.667741935483871,0.0,0.002082111436950147,0.0
2.670967741935484,0.0,0.002082111436950147,0.0
2.667741935483871,0.0,0.002082111436950147,0.0
2.667741935483871,0.0,0.002082111436950147,0.0
2.661290322580645,0.0,0.002082111436950147,0.0
2.670967741935484,0.0,0.0020674486803519063,0.0
2.674193548387097,0.0,0.0020527859237536657,0.0
2.670967741935484,0.0,0.0020674486803519063,0.0
2.67741935483871,0.0,0.0020674486803519063,0.0
2.6483870967741936,0.0,0.0021700879765395894,0.0
2.667741935483871,0.0,0.002082111436950147,0.0
2.664516129032258,0.0,0.002096774193548387,0.0
2.609677419354839,0.0,0.0023753665689149562,0.0
2.732258064516129,0.0,0.0020527859237536657,0.0
2.670967741935484,0.0,0.002082111436950147,0.0
2.661290322580645,0.0,0.002096774193548387,0.0
2.670967741935484,0.0,0.002082111436950147,0.0
2.6806451612903226,0.0,0.0020674486803519063,0.0
2.667741935483871,0.0,0.0020674486803519063,0.0
2.6612903225806455,0.0,0.0021114369501466276,0.0
2.67741935483871,0.0,0.0020674486803519063,0.0
2.6516129032258062,0.0,0.0021260997067448677,0.0
2.664516129032258,0.0,0.0021114369501466276,0.0
